[
  {
    "id": "a3fab461-3a8d-435c-b951-cb7cad99eb55",
    "data": [
      {
        "text": "doe maar",
        "userDefined": false
      }
    ],
    "isTemplate": false,
    "count": 0,
    "updated": 0
  },
  {
    "id": "e6e275b0-c18e-4030-a282-f5b819b79f43",
    "data": [
      {
        "text": "dat wil ik wel",
        "userDefined": false
      }
    ],
    "isTemplate": false,
    "count": 0,
    "updated": 0
  },
  {
    "id": "7914e10c-100a-4e21-89f5-fe01dc9793b9",
    "data": [
      {
        "text": "ja",
        "userDefined": false
      }
    ],
    "isTemplate": false,
    "count": 0,
    "updated": 0
  },
  {
    "id": "57a9a459-da1d-44f3-b0fa-875d58dffe06",
    "data": [
      {
        "text": "dat klopt",
        "userDefined": false
      }
    ],
    "isTemplate": false,
    "count": 0,
    "updated": 0
  },
  {
    "id": "da2ea3e4-7589-4142-a552-d6b9abad3559",
    "data": [
      {
        "text": "akkoord",
        "userDefined": false
      }
    ],
    "isTemplate": false,
    "count": 0,
    "updated": 0
  },
  {
    "id": "fd52fb0a-5977-4b21-b719-e4a68a9626b9",
    "data": [
      {
        "text": "ja graag",
        "userDefined": false
      }
    ],
    "isTemplate": false,
    "count": 0,
    "updated": 0
  },
  {
    "id": "15f77bb9-2ec3-4285-8e9c-38c70a9032e6",
    "data": [
      {
        "text": "mee eens",
        "userDefined": false
      }
    ],
    "isTemplate": false,
    "count": 0,
    "updated": 0
  },
  {
    "id": "5acb3b9b-dcb1-43b4-ac99-331da0826f34",
    "data": [
      {
        "text": "natuurlijk",
        "userDefined": false
      }
    ],
    "isTemplate": false,
    "count": 0,
    "updated": 0
  },
  {
    "id": "2add4283-7a8c-46ce-a977-05b4bc289cb3",
    "data": [
      {
        "text": "klinkt goed",
        "userDefined": false
      }
    ],
    "isTemplate": false,
    "count": 0,
    "updated": 0
  },
  {
    "id": "101182b8-95de-466f-a70e-20887335d09a",
    "data": [
      {
        "text": "prima",
        "userDefined": false
      }
    ],
    "isTemplate": false,
    "count": 0,
    "updated": 0
  }
]