[
  {
    "id": "da0ed127-ae5f-47cc-b583-c5a3413d20f4",
    "data": [
      {
        "text": "Een aap",
        "alias": "animal",
        "meta": "@animal",
        "userDefined": false
      }
    ],
    "isTemplate": false,
    "count": 0,
    "updated": 0
  },
  {
    "id": "793a10e6-b8f5-45c2-8cff-1f2747dfdb49",
    "data": [
      {
        "text": "Een giraf",
        "alias": "animal",
        "meta": "@animal",
        "userDefined": false
      }
    ],
    "isTemplate": false,
    "count": 0,
    "updated": 0
  },
  {
    "id": "2db4b32d-41f2-4f57-9484-ce6c5be6db9f",
    "data": [
      {
        "text": "Aap",
        "alias": "animal",
        "meta": "@animal",
        "userDefined": false
      }
    ],
    "isTemplate": false,
    "count": 0,
    "updated": 0
  },
  {
    "id": "7bc019d5-2e24-4cc2-af91-6bf7f96096ff",
    "data": [
      {
        "text": "Giraf",
        "alias": "animal",
        "meta": "@animal",
        "userDefined": false
      }
    ],
    "isTemplate": false,
    "count": 0,
    "updated": 0
  },
  {
    "id": "f73fb006-8068-4fc8-8d9a-6ff849ca2b70",
    "data": [
      {
        "text": "Leeuw",
        "alias": "animal",
        "meta": "@animal",
        "userDefined": false
      }
    ],
    "isTemplate": false,
    "count": 0,
    "updated": 0
  },
  {
    "id": "207743b0-2928-4ed4-b14b-8167c872ed9e",
    "data": [
      {
        "text": "De leeuw",
        "alias": "animal",
        "meta": "@animal",
        "userDefined": false
      }
    ],
    "isTemplate": false,
    "count": 0,
    "updated": 0
  },
  {
    "id": "d341f9b5-567c-4f80-a4ed-68a462366472",
    "data": [
      {
        "text": "De aap",
        "alias": "animal",
        "meta": "@animal",
        "userDefined": false
      }
    ],
    "isTemplate": false,
    "count": 0,
    "updated": 0
  }
]