[
  {
    "id": "13da3af2-1e4a-4640-bf08-ac2c757d588d",
    "data": [
      {
        "text": "niet echt",
        "userDefined": false
      }
    ],
    "isTemplate": false,
    "count": 1,
    "updated": 0
  },
  {
    "id": "2acde45b-c5b7-4583-8f84-4876968e9d9e",
    "data": [
      {
        "text": "dat wil ik niet",
        "userDefined": false
      }
    ],
    "isTemplate": false,
    "count": 0,
    "updated": 0
  },
  {
    "id": "8f920a2b-c461-493f-a133-bcf82d01d7e3",
    "data": [
      {
        "text": "nee",
        "userDefined": false
      }
    ],
    "isTemplate": false,
    "count": 0,
    "updated": 0
  },
  {
    "id": "b657c21d-faf9-4951-82e5-8397fd01587e",
    "data": [
      {
        "text": "dat vind ik niet",
        "userDefined": false
      }
    ],
    "isTemplate": false,
    "count": 0,
    "updated": 0
  },
  {
    "id": "38a38d76-e4fc-4118-a3c4-46bce3455703",
    "data": [
      {
        "text": "doe dat niet",
        "userDefined": false
      }
    ],
    "isTemplate": false,
    "count": 0,
    "updated": 0
  },
  {
    "id": "8410a11a-81e7-4852-bb1c-6eb718b8e9ad",
    "data": [
      {
        "text": "geen interesse",
        "userDefined": false
      }
    ],
    "isTemplate": false,
    "count": 0,
    "updated": 0
  },
  {
    "id": "0f3514de-02ae-47b2-9916-0bd0f7b7e823",
    "data": [
      {
        "text": "nee bedankt",
        "userDefined": false
      }
    ],
    "isTemplate": false,
    "count": 1,
    "updated": 0
  },
  {
    "id": "39cb1c2a-417e-433d-8c1c-5a276b9824a1",
    "data": [
      {
        "text": "ik dacht het niet",
        "userDefined": false
      }
    ],
    "isTemplate": false,
    "count": 0,
    "updated": 0
  },
  {
    "id": "1aeca284-d3ff-4231-8f98-dee8731a84b5",
    "data": [
      {
        "text": "absoluut niet",
        "userDefined": false
      }
    ],
    "isTemplate": false,
    "count": 1,
    "updated": 0
  }
]