[
  {
    "id": "e8e9059f-3a73-41f5-813a-b524473330ea",
    "data": [
      {
        "text": "Over ",
        "userDefined": false
      },
      {
        "text": "Basketbal",
        "alias": "category",
        "meta": "@category",
        "userDefined": false
      }
    ],
    "isTemplate": false,
    "count": 0,
    "updated": 0
  },
  {
    "id": "9aa1476f-11ef-458a-a657-34aa853e2297",
    "data": [
      {
        "text": "Over ",
        "userDefined": false
      },
      {
        "text": "Tennis",
        "alias": "category",
        "meta": "@category",
        "userDefined": false
      }
    ],
    "isTemplate": false,
    "count": 0,
    "updated": 0
  },
  {
    "id": "b945b839-e7bd-4c19-ac13-55298fd065af",
    "data": [
      {
        "text": "Over ",
        "userDefined": false
      },
      {
        "text": "Voetbal",
        "alias": "category",
        "meta": "@category",
        "userDefined": true
      }
    ],
    "isTemplate": false,
    "count": 0,
    "updated": 0
  },
  {
    "id": "8b276937-3460-441c-8c36-5e1a2a63697f",
    "data": [
      {
        "text": "Over ",
        "userDefined": false
      },
      {
        "text": "School",
        "alias": "category",
        "meta": "@category",
        "userDefined": false
      }
    ],
    "isTemplate": false,
    "count": 0,
    "updated": 0
  },
  {
    "id": "8b711e90-d7b3-4ec4-81f9-87d5989d87a5",
    "data": [
      {
        "text": "Over ",
        "userDefined": false
      },
      {
        "text": "Dieren",
        "alias": "category",
        "meta": "@category",
        "userDefined": false
      }
    ],
    "isTemplate": false,
    "count": 0,
    "updated": 0
  },
  {
    "id": "cbca6e76-e965-4bce-a88a-ce782344343c",
    "data": [
      {
        "text": "Ik wil het hebben over ",
        "userDefined": false
      },
      {
        "text": "School",
        "alias": "category",
        "meta": "@category",
        "userDefined": false
      }
    ],
    "isTemplate": false,
    "count": 0,
    "updated": 0
  },
  {
    "id": "23f17298-c98e-45a6-9633-ccc70fa9aefb",
    "data": [
      {
        "text": "Ik wil het hebben over ",
        "userDefined": false
      },
      {
        "text": "Dieren",
        "alias": "category",
        "meta": "@category",
        "userDefined": false
      }
    ],
    "isTemplate": false,
    "count": 0,
    "updated": 0
  },
  {
    "id": "3dc20312-324a-4ebd-9853-bf1f7e12479e",
    "data": [
      {
        "text": "School",
        "alias": "category",
        "meta": "@category",
        "userDefined": false
      }
    ],
    "isTemplate": false,
    "count": 0,
    "updated": 0
  },
  {
    "id": "8d2b9c40-50b8-4f04-87df-ecc8d7f15361",
    "data": [
      {
        "text": "Dieren",
        "alias": "category",
        "meta": "@category",
        "userDefined": false
      }
    ],
    "isTemplate": false,
    "count": 0,
    "updated": 0
  }
]