[
  {
    "id": "eab5c842-b673-4b5b-a03f-5740767840ca",
    "data": [
      {
        "text": "Ik heet ",
        "userDefined": false
      },
      {
        "text": "guido",
        "alias": "person",
        "meta": "@sys.person",
        "userDefined": false
      }
    ],
    "isTemplate": false,
    "count": 0,
    "updated": 0
  },
  {
    "id": "4579fede-e6a0-433c-be5c-f5e35ff563fe",
    "data": [
      {
        "text": "Kees van der spek",
        "alias": "person",
        "meta": "@sys.person",
        "userDefined": false
      }
    ],
    "isTemplate": false,
    "count": 0,
    "updated": 0
  },
  {
    "id": "0e592418-8f87-4e93-9718-8e1eece9e799",
    "data": [
      {
        "text": "Henk krol",
        "alias": "person",
        "meta": "@sys.person",
        "userDefined": false
      }
    ],
    "isTemplate": false,
    "count": 0,
    "updated": 0
  },
  {
    "id": "08627094-23a1-444a-b5ea-88ad95172a4f",
    "data": [
      {
        "text": "Damian Veltkamp",
        "alias": "person",
        "meta": "@sys.person",
        "userDefined": false
      }
    ],
    "isTemplate": false,
    "count": 0,
    "updated": 0
  },
  {
    "id": "be06bf82-79b7-4527-9d2f-a2a7a5d1403e",
    "data": [
      {
        "text": "Ik heet ",
        "userDefined": false
      },
      {
        "text": "damian",
        "alias": "person",
        "meta": "@sys.person",
        "userDefined": false
      }
    ],
    "isTemplate": false,
    "count": 0,
    "updated": 0
  },
  {
    "id": "9065222f-77b2-494a-9c00-3bb9200e0ea3",
    "data": [
      {
        "text": "Mijn naam is ",
        "userDefined": false
      },
      {
        "text": "damian",
        "alias": "person",
        "meta": "@sys.person",
        "userDefined": false
      }
    ],
    "isTemplate": false,
    "count": 0,
    "updated": 0
  }
]