[
  {
    "value": "de aap",
    "synonyms": [
      "de aap"
    ]
  },
  {
    "value": "de giraf",
    "synonyms": [
      "de giraf"
    ]
  },
  {
    "value": "de leeuw",
    "synonyms": [
      "de leeuw"
    ]
  },
  {
    "value": "een aap",
    "synonyms": [
      "een aap"
    ]
  },
  {
    "value": "een giraf",
    "synonyms": [
      "een giraf"
    ]
  },
  {
    "value": "een leeuw",
    "synonyms": [
      "een leeuw"
    ]
  },
  {
    "value": "de olifant",
    "synonyms": [
      "de olifant"
    ]
  },
  {
    "value": "een olifant",
    "synonyms": [
      "een olifant"
    ]
  }
]